<?xml version="1.0" encoding="UTF-8"?>
<project-private xmlns="http://www.netbeans.org/ns/project-private/1">
    <editor-bookmarks xmlns="http://www.netbeans.org/ns/editor-bookmarks/2" lastBookmarkId="0"/>
    <open-files xmlns="http://www.netbeans.org/ns/projectui-open-files/2">
        <group>
            <file>file:/C:/Users/CPTWEX-cpt-066/Documents/NetBeansProjects/Hackathon/src/hackathon/Report_A_Crime.java</file>
            <file>file:/C:/Users/CPTWEX-cpt-066/Documents/NetBeansProjects/Hackathon/src/hackathon/Registration.java</file>
            <file>file:/C:/Users/CPTWEX-cpt-066/Documents/NetBeansProjects/Hackathon/src/hackathon/Login.java</file>
            <file>file:/C:/Users/CPTWEX-cpt-066/Documents/NetBeansProjects/Hackathon/src/hackathon/Crime.java</file>
            <file>file:/C:/Users/CPTWEX-cpt-066/Documents/NetBeansProjects/Hackathon/src/hackathon/Suspicious_Activity.java</file>
            <file>file:/C:/Users/CPTWEX-cpt-066/Documents/NetBeansProjects/Hackathon/src/hackathon/Details.java</file>
        </group>
    </open-files>
</project-private>
